rank,uid,title,year,venue,url,problem_claimed,actual_mechanism,hidden_assumptions,variables_treated_as_fixed,failure_modes_ignored,what_it_makes_less_novel,what_it_leaves_open
1,doi:10.1109/icra40945.2020.9196857,Wasserstein Distributionally Robust Motion Planning and Control with Safety Constraints Using Conditional Value-at-Risk,2020,2020 IEEE International Conference on Robotics and Automation (ICRA),https://doi.org/10.1109/icra40945.2020.9196857,Addresses robot planning and safety or a neighboring robotics mechanism.,"Prior work usually predicts, ranks, filters, or imitates observed behavior rather than preserving unrealized branches.",The observed outcome is enough to supervise the model.,"Contact mode support, embodiment limits, and deployment perturbations.","Branch collapse, hidden-mode shift, and tail-risk planning failures.",Generic world models and generic uncertainty are crowded.,Constraint discovery from aborted actions keeps action-critical alternatives explicit until a physical observation collapses them.
2,doi:10.23919/ccc58697.2023.10241009,Time Optimal Planning-Based High-Speed Running Motion Generation for Humanoid Robots with Safety Constraints,2023,2023 42nd Chinese Control Conference (CCC),https://doi.org/10.23919/ccc58697.2023.10241009,Addresses robot planning and safety or a neighboring robotics mechanism.,"Prior work usually predicts, ranks, filters, or imitates observed behavior rather than preserving unrealized branches.",The observed outcome is enough to supervise the model.,"Contact mode support, embodiment limits, and deployment perturbations.","Branch collapse, hidden-mode shift, and tail-risk planning failures.",Generic world models and generic uncertainty are crowded.,Constraint discovery from aborted actions keeps action-critical alternatives explicit until a physical observation collapses them.
3,doi:10.1109/icra.2013.6630692,Provably-correct stochastic motion planning with safety constraints,2013,2013 IEEE International Conference on Robotics and Automation,https://doi.org/10.1109/icra.2013.6630692,Addresses robot planning and safety or a neighboring robotics mechanism.,"Prior work usually predicts, ranks, filters, or imitates observed behavior rather than preserving unrealized branches.",The observed outcome is enough to supervise the model.,"Contact mode support, embodiment limits, and deployment perturbations.","Branch collapse, hidden-mode shift, and tail-risk planning failures.",Generic world models and generic uncertainty are crowded.,Constraint discovery from aborted actions keeps action-critical alternatives explicit until a physical observation collapses them.
4,doi:10.1109/icma54519.2022.9856048,Laparoscopic automatic following motion planning of minimally invasive surgery robot based on safety constraints,2022,2022 IEEE International Conference on Mechatronics and Automation (ICMA),https://doi.org/10.1109/icma54519.2022.9856048,Addresses robot planning and safety or a neighboring robotics mechanism.,"Prior work usually predicts, ranks, filters, or imitates observed behavior rather than preserving unrealized branches.",The observed outcome is enough to supervise the model.,"Contact mode support, embodiment limits, and deployment perturbations.","Branch collapse, hidden-mode shift, and tail-risk planning failures.",Generic world models and generic uncertainty are crowded.,Constraint discovery from aborted actions keeps action-critical alternatives explicit until a physical observation collapses them.
5,doi:10.3390/s21030796,Learning-Based End-to-End Path Planning for Lunar Rovers with Safety Constraints,2021,Sensors,https://doi.org/10.3390/s21030796,Addresses robot planning and safety or a neighboring robotics mechanism.,"Prior work usually predicts, ranks, filters, or imitates observed behavior rather than preserving unrealized branches.",The observed outcome is enough to supervise the model.,"Contact mode support, embodiment limits, and deployment perturbations.","Branch collapse, hidden-mode shift, and tail-risk planning failures.",Generic world models and generic uncertainty are crowded.,Constraint discovery from aborted actions keeps action-critical alternatives explicit until a physical observation collapses them.
6,doi:10.4114/intartif.vol21iss62pp25-39,A Constraint-based Mission Planning Approach for Reconfigurable Multi-Robot Systems,2018,Inteligencia Artificial,https://doi.org/10.4114/intartif.vol21iss62pp25-39,Addresses robot planning and safety or a neighboring robotics mechanism.,"Prior work usually predicts, ranks, filters, or imitates observed behavior rather than preserving unrealized branches.",The observed outcome is enough to supervise the model.,"Contact mode support, embodiment limits, and deployment perturbations.","Branch collapse, hidden-mode shift, and tail-risk planning failures.",Generic world models and generic uncertainty are crowded.,Constraint discovery from aborted actions keeps action-critical alternatives explicit until a physical observation collapses them.
7,doi:10.1109/icra.2018.8460185,Collision-Free Motion Planning for Human-Robot Collaborative Safety Under Cartesian Constraint,2018,2018 IEEE International Conference on Robotics and Automation (ICRA),https://doi.org/10.1109/icra.2018.8460185,Addresses robot planning and safety or a neighboring robotics mechanism.,"Prior work usually predicts, ranks, filters, or imitates observed behavior rather than preserving unrealized branches.",The observed outcome is enough to supervise the model.,"Contact mode support, embodiment limits, and deployment perturbations.","Branch collapse, hidden-mode shift, and tail-risk planning failures.",Generic world models and generic uncertainty are crowded.,Constraint discovery from aborted actions keeps action-critical alternatives explicit until a physical observation collapses them.
8,doi:10.1016/j.robot.2024.104823,Identification of physically consistent dynamics parameter of the ABB IRB 360-6/1600 delta robot and its use for time-optimal motion planning under consideration of constraint forces,2024,Robotics and Autonomous Systems,https://doi.org/10.1016/j.robot.2024.104823,Addresses robot planning and safety or a neighboring robotics mechanism.,"Prior work usually predicts, ranks, filters, or imitates observed behavior rather than preserving unrealized branches.",The observed outcome is enough to supervise the model.,"Contact mode support, embodiment limits, and deployment perturbations.","Branch collapse, hidden-mode shift, and tail-risk planning failures.",Generic world models and generic uncertainty are crowded.,Constraint discovery from aborted actions keeps action-critical alternatives explicit until a physical observation collapses them.
9,doi:10.54254/2755-2721/2025.ast27134,Integrating Motion Planning in Vision Language Action Agents,2025,Applied and Computational Engineering,https://doi.org/10.54254/2755-2721/2025.ast27134,Addresses robot planning and safety or a neighboring robotics mechanism.,"Prior work usually predicts, ranks, filters, or imitates observed behavior rather than preserving unrealized branches.",The observed outcome is enough to supervise the model.,"Contact mode support, embodiment limits, and deployment perturbations.","Branch collapse, hidden-mode shift, and tail-risk planning failures.",Generic world models and generic uncertainty are crowded.,Constraint discovery from aborted actions keeps action-critical alternatives explicit until a physical observation collapses them.
10,arxiv:2605.19209v1,Graph Neural Planning and Predictive Control for Multi-Robot Communication-Constrained Unlabeled Motion Planning,2026,arXiv,http://arxiv.org/abs/2605.19209v1,Addresses robot planning and safety or a neighboring robotics mechanism.,"Prior work usually predicts, ranks, filters, or imitates observed behavior rather than preserving unrealized branches.",The observed outcome is enough to supervise the model.,"Contact mode support, embodiment limits, and deployment perturbations.","Branch collapse, hidden-mode shift, and tail-risk planning failures.",Generic world models and generic uncertainty are crowded.,Constraint discovery from aborted actions keeps action-critical alternatives explicit until a physical observation collapses them.
11,arxiv:2406.16874v2,A Closed-Form Control for Safety Under Input Constraints Using a Composition of Control Barrier Functions,2024,arXiv,http://arxiv.org/abs/2406.16874v2,Addresses robot planning and safety or a neighboring robotics mechanism.,"Prior work usually predicts, ranks, filters, or imitates observed behavior rather than preserving unrealized branches.",The observed outcome is enough to supervise the model.,"Contact mode support, embodiment limits, and deployment perturbations.","Branch collapse, hidden-mode shift, and tail-risk planning failures.",Generic world models and generic uncertainty are crowded.,Constraint discovery from aborted actions keeps action-critical alternatives explicit until a physical observation collapses them.
12,arxiv:2203.15107v1,Motion Planning for Agile Legged Locomotion using Failure Margin Constraints,2022,arXiv,http://arxiv.org/abs/2203.15107v1,Addresses robot planning and safety or a neighboring robotics mechanism.,"Prior work usually predicts, ranks, filters, or imitates observed behavior rather than preserving unrealized branches.",The observed outcome is enough to supervise the model.,"Contact mode support, embodiment limits, and deployment perturbations.","Branch collapse, hidden-mode shift, and tail-risk planning failures.",Generic world models and generic uncertainty are crowded.,Constraint discovery from aborted actions keeps action-critical alternatives explicit until a physical observation collapses them.
13,doi:10.1109/itsc60802.2025.11423203,A Real-Time Control Barrier Function-Based Safety Filter for Motion Planning with Arbitrary Road Boundary Constraints,2025,2025 IEEE 28th International Conference on Intelligent Transportation Systems (ITSC),https://doi.org/10.1109/itsc60802.2025.11423203,Addresses robot planning and safety or a neighboring robotics mechanism.,"Prior work usually predicts, ranks, filters, or imitates observed behavior rather than preserving unrealized branches.",The observed outcome is enough to supervise the model.,"Contact mode support, embodiment limits, and deployment perturbations.","Branch collapse, hidden-mode shift, and tail-risk planning failures.",Generic world models and generic uncertainty are crowded.,Constraint discovery from aborted actions keeps action-critical alternatives explicit until a physical observation collapses them.
14,doi:10.18280/mmep.090131,Motion Planning Solution with Constraints Based on Minimum Distance Model for Lane Change Problem of Autonomous Vehicles,2022,Mathematical Modelling of Engineering Problems,https://doi.org/10.18280/mmep.090131,Addresses robot planning and safety or a neighboring robotics mechanism.,"Prior work usually predicts, ranks, filters, or imitates observed behavior rather than preserving unrealized branches.",The observed outcome is enough to supervise the model.,"Contact mode support, embodiment limits, and deployment perturbations.","Branch collapse, hidden-mode shift, and tail-risk planning failures.",Generic world models and generic uncertainty are crowded.,Constraint discovery from aborted actions keeps action-critical alternatives explicit until a physical observation collapses them.
15,arxiv:2410.19656v1,APRICOT: Active Preference Learning and Constraint-Aware Task Planning with LLMs,2024,arXiv,http://arxiv.org/abs/2410.19656v1,Addresses robot planning and safety or a neighboring robotics mechanism.,"Prior work usually predicts, ranks, filters, or imitates observed behavior rather than preserving unrealized branches.",The observed outcome is enough to supervise the model.,"Contact mode support, embodiment limits, and deployment perturbations.","Branch collapse, hidden-mode shift, and tail-risk planning failures.",Generic world models and generic uncertainty are crowded.,Constraint discovery from aborted actions keeps action-critical alternatives explicit until a physical observation collapses them.
16,doi:10.1002/oca.70085,Solving for Blameless and Optimal Control Under Prioritized Safety Constraints,2026,Optimal Control Applications and Methods,https://doi.org/10.1002/oca.70085,Addresses robot planning and safety or a neighboring robotics mechanism.,"Prior work usually predicts, ranks, filters, or imitates observed behavior rather than preserving unrealized branches.",The observed outcome is enough to supervise the model.,"Contact mode support, embodiment limits, and deployment perturbations.","Branch collapse, hidden-mode shift, and tail-risk planning failures.",Generic world models and generic uncertainty are crowded.,Constraint discovery from aborted actions keeps action-critical alternatives explicit until a physical observation collapses them.
17,doi:10.3390/buildings14082511,Utilizing Large Language Models to Illustrate Constraints for Construction Planning,2024,Buildings,https://doi.org/10.3390/buildings14082511,Addresses robot planning and safety or a neighboring robotics mechanism.,"Prior work usually predicts, ranks, filters, or imitates observed behavior rather than preserving unrealized branches.",The observed outcome is enough to supervise the model.,"Contact mode support, embodiment limits, and deployment perturbations.","Branch collapse, hidden-mode shift, and tail-risk planning failures.",Generic world models and generic uncertainty are crowded.,Constraint discovery from aborted actions keeps action-critical alternatives explicit until a physical observation collapses them.
18,arxiv:2409.19924v4,"On The Planning Abilities of OpenAI's o1 Models: Feasibility, Optimality, and Generalizability",2024,arXiv,http://arxiv.org/abs/2409.19924v4,Addresses robot planning and safety or a neighboring robotics mechanism.,"Prior work usually predicts, ranks, filters, or imitates observed behavior rather than preserving unrealized branches.",The observed outcome is enough to supervise the model.,"Contact mode support, embodiment limits, and deployment perturbations.","Branch collapse, hidden-mode shift, and tail-risk planning failures.",Generic world models and generic uncertainty are crowded.,Constraint discovery from aborted actions keeps action-critical alternatives explicit until a physical observation collapses them.
19,doi:10.18196/jrc.v6i6.27770,Safe and Efficient Mobile Robot Navigation using Sampling-based Optimal Control with Barrier Function Constraints,2025,Journal of Robotics and Control (JRC),https://doi.org/10.18196/jrc.v6i6.27770,Addresses robot planning and safety or a neighboring robotics mechanism.,"Prior work usually predicts, ranks, filters, or imitates observed behavior rather than preserving unrealized branches.",The observed outcome is enough to supervise the model.,"Contact mode support, embodiment limits, and deployment perturbations.","Branch collapse, hidden-mode shift, and tail-risk planning failures.",Generic world models and generic uncertainty are crowded.,Constraint discovery from aborted actions keeps action-critical alternatives explicit until a physical observation collapses them.
20,doi:10.1177/0278364914545811,Efficiently combining task and motion planning using geometric constraints,2014,The International Journal of Robotics Research,https://doi.org/10.1177/0278364914545811,Addresses robot planning and safety or a neighboring robotics mechanism.,"Prior work usually predicts, ranks, filters, or imitates observed behavior rather than preserving unrealized branches.",The observed outcome is enough to supervise the model.,"Contact mode support, embodiment limits, and deployment perturbations.","Branch collapse, hidden-mode shift, and tail-risk planning failures.",Generic world models and generic uncertainty are crowded.,Constraint discovery from aborted actions keeps action-critical alternatives explicit until a physical observation collapses them.
21,doi:10.3390/drones8090493,Multi-Robot Path Planning Algorithm for Collaborative Mapping under Communication Constraints,2024,Drones,https://doi.org/10.3390/drones8090493,Addresses robot planning and safety or a neighboring robotics mechanism.,"Prior work usually predicts, ranks, filters, or imitates observed behavior rather than preserving unrealized branches.",The observed outcome is enough to supervise the model.,"Contact mode support, embodiment limits, and deployment perturbations.","Branch collapse, hidden-mode shift, and tail-risk planning failures.",Generic world models and generic uncertainty are crowded.,Constraint discovery from aborted actions keeps action-critical alternatives explicit until a physical observation collapses them.
22,doi:10.1146/annurev-control-060117-105226,Sampling-Based Methods for Motion Planning with Constraints,2018,"Annual Review of Control, Robotics, and Autonomous Systems",https://doi.org/10.1146/annurev-control-060117-105226,Addresses robot planning and safety or a neighboring robotics mechanism.,"Prior work usually predicts, ranks, filters, or imitates observed behavior rather than preserving unrealized branches.",The observed outcome is enough to supervise the model.,"Contact mode support, embodiment limits, and deployment perturbations.","Branch collapse, hidden-mode shift, and tail-risk planning failures.",Generic world models and generic uncertainty are crowded.,Constraint discovery from aborted actions keeps action-critical alternatives explicit until a physical observation collapses them.
23,doi:10.58459/rptel.2026.21020,Causal discovery for automated real-world educational evidence extraction,2026,Research and Practice in Technology Enhanced Learning,https://doi.org/10.58459/rptel.2026.21020,Addresses robot planning and safety or a neighboring robotics mechanism.,"Prior work usually predicts, ranks, filters, or imitates observed behavior rather than preserving unrealized branches.",The observed outcome is enough to supervise the model.,"Contact mode support, embodiment limits, and deployment perturbations.","Branch collapse, hidden-mode shift, and tail-risk planning failures.",Generic world models and generic uncertainty are crowded.,Constraint discovery from aborted actions keeps action-critical alternatives explicit until a physical observation collapses them.
24,doi:10.1108/ir-10-2023-0251,An efficient constraint method for solving planning problems under end-effector constraints,2024,Industrial Robot: the international journal of robotics research and application,https://doi.org/10.1108/ir-10-2023-0251,Addresses robot planning and safety or a neighboring robotics mechanism.,"Prior work usually predicts, ranks, filters, or imitates observed behavior rather than preserving unrealized branches.",The observed outcome is enough to supervise the model.,"Contact mode support, embodiment limits, and deployment perturbations.","Branch collapse, hidden-mode shift, and tail-risk planning failures.",Generic world models and generic uncertainty are crowded.,Constraint discovery from aborted actions keeps action-critical alternatives explicit until a physical observation collapses them.
25,arxiv:2106.07127v1,Transition Motion Planning for Multi-Limbed Vertical Climbing Robots Using Complementarity Constraints,2021,arXiv,http://arxiv.org/abs/2106.07127v1,Addresses robot planning and safety or a neighboring robotics mechanism.,"Prior work usually predicts, ranks, filters, or imitates observed behavior rather than preserving unrealized branches.",The observed outcome is enough to supervise the model.,"Contact mode support, embodiment limits, and deployment perturbations.","Branch collapse, hidden-mode shift, and tail-risk planning failures.",Generic world models and generic uncertainty are crowded.,Constraint discovery from aborted actions keeps action-critical alternatives explicit until a physical observation collapses them.
26,doi:10.1115/dscc2018-9006,Barrier Lyapunov Function Based Control of a Flexible Link Co-Robot With Safety Constraints,2018,"Volume 3: Modeling and Validation; Multi-Agent and Networked Systems; Path Planning and Motion Control; Tracking Control Systems; Unmanned Aerial Vehicles (UAVs) and Application; Unmanned Ground and Aerial Vehicles; Vibration in Mechanical Systems; Vibrations and Control of Systems; Vibrations: Modeling, Analysis, and Control",https://doi.org/10.1115/dscc2018-9006,Addresses robot planning and safety or a neighboring robotics mechanism.,"Prior work usually predicts, ranks, filters, or imitates observed behavior rather than preserving unrealized branches.",The observed outcome is enough to supervise the model.,"Contact mode support, embodiment limits, and deployment perturbations.","Branch collapse, hidden-mode shift, and tail-risk planning failures.",Generic world models and generic uncertainty are crowded.,Constraint discovery from aborted actions keeps action-critical alternatives explicit until a physical observation collapses them.
27,doi:10.24963/ijcai.2019/68,Multi-Robot Planning Under Uncertain Travel Times and Safety Constraints,2019,,https://doi.org/10.24963/ijcai.2019/68,Addresses robot planning and safety or a neighboring robotics mechanism.,"Prior work usually predicts, ranks, filters, or imitates observed behavior rather than preserving unrealized branches.",The observed outcome is enough to supervise the model.,"Contact mode support, embodiment limits, and deployment perturbations.","Branch collapse, hidden-mode shift, and tail-risk planning failures.",Generic world models and generic uncertainty are crowded.,Constraint discovery from aborted actions keeps action-critical alternatives explicit until a physical observation collapses them.
28,arxiv:2606.09027v1,SafeRun: Enabling Determinism in LLM Planning for Running,2026,arXiv,http://arxiv.org/abs/2606.09027v1,Addresses robot planning and safety or a neighboring robotics mechanism.,"Prior work usually predicts, ranks, filters, or imitates observed behavior rather than preserving unrealized branches.",The observed outcome is enough to supervise the model.,"Contact mode support, embodiment limits, and deployment perturbations.","Branch collapse, hidden-mode shift, and tail-risk planning failures.",Generic world models and generic uncertainty are crowded.,Constraint discovery from aborted actions keeps action-critical alternatives explicit until a physical observation collapses them.
29,doi:10.1177/02783649221120029,"Constraint-consistent task-oriented whole-body robot formulation: Task, posture, constraints, multiple contacts, and balance",2022,The International Journal of Robotics Research,https://doi.org/10.1177/02783649221120029,Addresses robot planning and safety or a neighboring robotics mechanism.,"Prior work usually predicts, ranks, filters, or imitates observed behavior rather than preserving unrealized branches.",The observed outcome is enough to supervise the model.,"Contact mode support, embodiment limits, and deployment perturbations.","Branch collapse, hidden-mode shift, and tail-risk planning failures.",Generic world models and generic uncertainty are crowded.,Constraint discovery from aborted actions keeps action-critical alternatives explicit until a physical observation collapses them.
30,doi:10.1109/lra.2021.3067847,"MPC-MPNet: Model-Predictive Motion Planning Networks for Fast, Near-Optimal Planning Under Kinodynamic Constraints",2021,IEEE Robotics and Automation Letters,https://doi.org/10.1109/lra.2021.3067847,Addresses robot planning and safety or a neighboring robotics mechanism.,"Prior work usually predicts, ranks, filters, or imitates observed behavior rather than preserving unrealized branches.",The observed outcome is enough to supervise the model.,"Contact mode support, embodiment limits, and deployment perturbations.","Branch collapse, hidden-mode shift, and tail-risk planning failures.",Generic world models and generic uncertainty are crowded.,Constraint discovery from aborted actions keeps action-critical alternatives explicit until a physical observation collapses them.
31,doi:10.1155/2018/6060924,Urban Motion Planning Framework Based on N-Bézier Curves Considering Comfort and Safety,2018,Journal of Advanced Transportation,https://doi.org/10.1155/2018/6060924,Addresses robot planning and safety or a neighboring robotics mechanism.,"Prior work usually predicts, ranks, filters, or imitates observed behavior rather than preserving unrealized branches.",The observed outcome is enough to supervise the model.,"Contact mode support, embodiment limits, and deployment perturbations.","Branch collapse, hidden-mode shift, and tail-risk planning failures.",Generic world models and generic uncertainty are crowded.,Constraint discovery from aborted actions keeps action-critical alternatives explicit until a physical observation collapses them.
32,doi:10.1007/s10846-026-02403-y,STL-Based Motion Planning and Uncertainty-Aware Risk Analysis for Human-Robot Collaboration with a Multi-Rotor Aerial Vehicle,2026,Journal of Intelligent & Robotic Systems,https://doi.org/10.1007/s10846-026-02403-y,Addresses robot planning and safety or a neighboring robotics mechanism.,"Prior work usually predicts, ranks, filters, or imitates observed behavior rather than preserving unrealized branches.",The observed outcome is enough to supervise the model.,"Contact mode support, embodiment limits, and deployment perturbations.","Branch collapse, hidden-mode shift, and tail-risk planning failures.",Generic world models and generic uncertainty are crowded.,Constraint discovery from aborted actions keeps action-critical alternatives explicit until a physical observation collapses them.
33,doi:10.1088/2631-8695/ae4b0c,An enhanced beluga whale optimization algorithm incorporating cauchy mutation based on swarm-elite learning mechanism and quadratic interpolation strategy for mobile robot path planning,2026,Engineering Research Express,https://doi.org/10.1088/2631-8695/ae4b0c,Addresses robot planning and safety or a neighboring robotics mechanism.,"Prior work usually predicts, ranks, filters, or imitates observed behavior rather than preserving unrealized branches.",The observed outcome is enough to supervise the model.,"Contact mode support, embodiment limits, and deployment perturbations.","Branch collapse, hidden-mode shift, and tail-risk planning failures.",Generic world models and generic uncertainty are crowded.,Constraint discovery from aborted actions keeps action-critical alternatives explicit until a physical observation collapses them.
34,doi:10.3390/s25216741,DPDQN-TER: An Improved Deep Reinforcement Learning Approach for Mobile Robot Path Planning in Dynamic Scenarios,2025,Sensors,https://doi.org/10.3390/s25216741,Addresses robot planning and safety or a neighboring robotics mechanism.,"Prior work usually predicts, ranks, filters, or imitates observed behavior rather than preserving unrealized branches.",The observed outcome is enough to supervise the model.,"Contact mode support, embodiment limits, and deployment perturbations.","Branch collapse, hidden-mode shift, and tail-risk planning failures.",Generic world models and generic uncertainty are crowded.,Constraint discovery from aborted actions keeps action-critical alternatives explicit until a physical observation collapses them.
35,doi:10.1016/j.conengprac.2024.106155,Nonlinear model predictive control with set terminal constraint for safe robot motion planning via speed and separation monitoring,2025,Control Engineering Practice,https://doi.org/10.1016/j.conengprac.2024.106155,Addresses robot planning and safety or a neighboring robotics mechanism.,"Prior work usually predicts, ranks, filters, or imitates observed behavior rather than preserving unrealized branches.",The observed outcome is enough to supervise the model.,"Contact mode support, embodiment limits, and deployment perturbations.","Branch collapse, hidden-mode shift, and tail-risk planning failures.",Generic world models and generic uncertainty are crowded.,Constraint discovery from aborted actions keeps action-critical alternatives explicit until a physical observation collapses them.
36,doi:10.1177/1729881419836858,Inverse kinematics-based motion planning for dual-arm robot with orientation constraints,2019,International Journal of Advanced Robotic Systems,https://doi.org/10.1177/1729881419836858,Addresses robot planning and safety or a neighboring robotics mechanism.,"Prior work usually predicts, ranks, filters, or imitates observed behavior rather than preserving unrealized branches.",The observed outcome is enough to supervise the model.,"Contact mode support, embodiment limits, and deployment perturbations.","Branch collapse, hidden-mode shift, and tail-risk planning failures.",Generic world models and generic uncertainty are crowded.,Constraint discovery from aborted actions keeps action-critical alternatives explicit until a physical observation collapses them.
37,doi:10.1049/csy2.70004,Enhancing stability and safety: A novel multi‐constraint model predictive control approach for forklift trajectory,2024,IET Cyber-Systems and Robotics,https://doi.org/10.1049/csy2.70004,Addresses robot planning and safety or a neighboring robotics mechanism.,"Prior work usually predicts, ranks, filters, or imitates observed behavior rather than preserving unrealized branches.",The observed outcome is enough to supervise the model.,"Contact mode support, embodiment limits, and deployment perturbations.","Branch collapse, hidden-mode shift, and tail-risk planning failures.",Generic world models and generic uncertainty are crowded.,Constraint discovery from aborted actions keeps action-critical alternatives explicit until a physical observation collapses them.
38,doi:10.48550/arxiv.2103.14252,Toward Safety-Aware Informative Motion Planning for Legged Robots,2021,arXiv (Cornell University),https://doi.org/10.48550/arxiv.2103.14252,Addresses robot planning and safety or a neighboring robotics mechanism.,"Prior work usually predicts, ranks, filters, or imitates observed behavior rather than preserving unrealized branches.",The observed outcome is enough to supervise the model.,"Contact mode support, embodiment limits, and deployment perturbations.","Branch collapse, hidden-mode shift, and tail-risk planning failures.",Generic world models and generic uncertainty are crowded.,Constraint discovery from aborted actions keeps action-critical alternatives explicit until a physical observation collapses them.
39,arxiv:2509.24143v2,A Novel Model for 3D Motion Planning for a Generalized Dubins Vehicle with Pitch and Yaw Rate Constraints,2025,arXiv,http://arxiv.org/abs/2509.24143v2,Addresses robot planning and safety or a neighboring robotics mechanism.,"Prior work usually predicts, ranks, filters, or imitates observed behavior rather than preserving unrealized branches.",The observed outcome is enough to supervise the model.,"Contact mode support, embodiment limits, and deployment perturbations.","Branch collapse, hidden-mode shift, and tail-risk planning failures.",Generic world models and generic uncertainty are crowded.,Constraint discovery from aborted actions keeps action-critical alternatives explicit until a physical observation collapses them.
40,arxiv:2603.03514v1,Sampling-Based Motion Planning with Scene Graphs Under Perception Constraints,2026,arXiv,http://arxiv.org/abs/2603.03514v1,Addresses robot planning and safety or a neighboring robotics mechanism.,"Prior work usually predicts, ranks, filters, or imitates observed behavior rather than preserving unrealized branches.",The observed outcome is enough to supervise the model.,"Contact mode support, embodiment limits, and deployment perturbations.","Branch collapse, hidden-mode shift, and tail-risk planning failures.",Generic world models and generic uncertainty are crowded.,Constraint discovery from aborted actions keeps action-critical alternatives explicit until a physical observation collapses them.
41,doi:10.2196/87367,"Shoggoths, Sycophancy, Psychosis, Oh My: Rethinking Large Language Model Use and Safety",2025,Journal of Medical Internet Research,https://doi.org/10.2196/87367,Addresses robot planning and safety or a neighboring robotics mechanism.,"Prior work usually predicts, ranks, filters, or imitates observed behavior rather than preserving unrealized branches.",The observed outcome is enough to supervise the model.,"Contact mode support, embodiment limits, and deployment perturbations.","Branch collapse, hidden-mode shift, and tail-risk planning failures.",Generic world models and generic uncertainty are crowded.,Constraint discovery from aborted actions keeps action-critical alternatives explicit until a physical observation collapses them.
42,doi:10.1016/j.robot.2025.105109,Coverage Trajectory Planning Problem on 3D Terrains with safety constraints for automated lawn mower: Exact and heuristic approaches,2025,Robotics and Autonomous Systems,https://doi.org/10.1016/j.robot.2025.105109,Addresses robot planning and safety or a neighboring robotics mechanism.,"Prior work usually predicts, ranks, filters, or imitates observed behavior rather than preserving unrealized branches.",The observed outcome is enough to supervise the model.,"Contact mode support, embodiment limits, and deployment perturbations.","Branch collapse, hidden-mode shift, and tail-risk planning failures.",Generic world models and generic uncertainty are crowded.,Constraint discovery from aborted actions keeps action-critical alternatives explicit until a physical observation collapses them.
43,doi:10.3390/app11198879,Joint Motion Planning of Industrial Robot Based on Modified Cubic Hermite Interpolation with Velocity Constraint,2021,Applied Sciences,https://doi.org/10.3390/app11198879,Addresses robot planning and safety or a neighboring robotics mechanism.,"Prior work usually predicts, ranks, filters, or imitates observed behavior rather than preserving unrealized branches.",The observed outcome is enough to supervise the model.,"Contact mode support, embodiment limits, and deployment perturbations.","Branch collapse, hidden-mode shift, and tail-risk planning failures.",Generic world models and generic uncertainty are crowded.,Constraint discovery from aborted actions keeps action-critical alternatives explicit until a physical observation collapses them.
44,doi:10.1109/icar.2015.7251458,Model predictive path planning with time-varying safety constraints for highway autonomous driving,2015,2015 International Conference on Advanced Robotics (ICAR),https://doi.org/10.1109/icar.2015.7251458,Addresses robot planning and safety or a neighboring robotics mechanism.,"Prior work usually predicts, ranks, filters, or imitates observed behavior rather than preserving unrealized branches.",The observed outcome is enough to supervise the model.,"Contact mode support, embodiment limits, and deployment perturbations.","Branch collapse, hidden-mode shift, and tail-risk planning failures.",Generic world models and generic uncertainty are crowded.,Constraint discovery from aborted actions keeps action-critical alternatives explicit until a physical observation collapses them.
45,doi:10.31763/ijrcs.v5i4.2004,A Survey of RRT* Variants and Enhancements for Robotic Path Planning,2025,International Journal of Robotics and Control Systems,https://doi.org/10.31763/ijrcs.v5i4.2004,Addresses robot planning and safety or a neighboring robotics mechanism.,"Prior work usually predicts, ranks, filters, or imitates observed behavior rather than preserving unrealized branches.",The observed outcome is enough to supervise the model.,"Contact mode support, embodiment limits, and deployment perturbations.","Branch collapse, hidden-mode shift, and tail-risk planning failures.",Generic world models and generic uncertainty are crowded.,Constraint discovery from aborted actions keeps action-critical alternatives explicit until a physical observation collapses them.
46,doi:10.1108/ir-01-2018-0004,Task constrained motion planning for 7-degree of freedom manipulators with parameterized submanifolds,2018,Industrial Robot: An International Journal,https://doi.org/10.1108/ir-01-2018-0004,Addresses robot planning and safety or a neighboring robotics mechanism.,"Prior work usually predicts, ranks, filters, or imitates observed behavior rather than preserving unrealized branches.",The observed outcome is enough to supervise the model.,"Contact mode support, embodiment limits, and deployment perturbations.","Branch collapse, hidden-mode shift, and tail-risk planning failures.",Generic world models and generic uncertainty are crowded.,Constraint discovery from aborted actions keeps action-critical alternatives explicit until a physical observation collapses them.
47,doi:10.1109/icra57147.2024.10611158,Parallel Optimization with Hard Safety Constraints for Cooperative Planning of Connected Autonomous Vehicles,2024,2024 IEEE International Conference on Robotics and Automation (ICRA),https://doi.org/10.1109/icra57147.2024.10611158,Addresses robot planning and safety or a neighboring robotics mechanism.,"Prior work usually predicts, ranks, filters, or imitates observed behavior rather than preserving unrealized branches.",The observed outcome is enough to supervise the model.,"Contact mode support, embodiment limits, and deployment perturbations.","Branch collapse, hidden-mode shift, and tail-risk planning failures.",Generic world models and generic uncertainty are crowded.,Constraint discovery from aborted actions keeps action-critical alternatives explicit until a physical observation collapses them.
48,doi:10.3390/app12115369,Task-Oriented Motion Planning of a Space Manipulator under Multiple Constraints,2022,Applied Sciences,https://doi.org/10.3390/app12115369,Addresses robot planning and safety or a neighboring robotics mechanism.,"Prior work usually predicts, ranks, filters, or imitates observed behavior rather than preserving unrealized branches.",The observed outcome is enough to supervise the model.,"Contact mode support, embodiment limits, and deployment perturbations.","Branch collapse, hidden-mode shift, and tail-risk planning failures.",Generic world models and generic uncertainty are crowded.,Constraint discovery from aborted actions keeps action-critical alternatives explicit until a physical observation collapses them.
49,doi:10.1108/ir-11-2017-0200,Energy-optimal motion planning of a biped pole-climbing robot with kinodynamic constraints,2018,Industrial Robot: An International Journal,https://doi.org/10.1108/ir-11-2017-0200,Addresses robot planning and safety or a neighboring robotics mechanism.,"Prior work usually predicts, ranks, filters, or imitates observed behavior rather than preserving unrealized branches.",The observed outcome is enough to supervise the model.,"Contact mode support, embodiment limits, and deployment perturbations.","Branch collapse, hidden-mode shift, and tail-risk planning failures.",Generic world models and generic uncertainty are crowded.,Constraint discovery from aborted actions keeps action-critical alternatives explicit until a physical observation collapses them.
50,doi:10.3390/robotics15010023,Autonomous Mobile Robot Path Planning Techniques—A Review: Metaheuristic and Cognitive Techniques,2026,Robotics,https://doi.org/10.3390/robotics15010023,Addresses robot planning and safety or a neighboring robotics mechanism.,"Prior work usually predicts, ranks, filters, or imitates observed behavior rather than preserving unrealized branches.",The observed outcome is enough to supervise the model.,"Contact mode support, embodiment limits, and deployment perturbations.","Branch collapse, hidden-mode shift, and tail-risk planning failures.",Generic world models and generic uncertainty are crowded.,Constraint discovery from aborted actions keeps action-critical alternatives explicit until a physical observation collapses them.
51,doi:10.1115/1.4055625,Informed Sampling-Based Planning to Enable Legged Robots to Safely Negotiate Permeable Obstacles,2023,Journal of Mechanisms and Robotics,https://doi.org/10.1115/1.4055625,Addresses robot planning and safety or a neighboring robotics mechanism.,"Prior work usually predicts, ranks, filters, or imitates observed behavior rather than preserving unrealized branches.",The observed outcome is enough to supervise the model.,"Contact mode support, embodiment limits, and deployment perturbations.","Branch collapse, hidden-mode shift, and tail-risk planning failures.",Generic world models and generic uncertainty are crowded.,Constraint discovery from aborted actions keeps action-critical alternatives explicit until a physical observation collapses them.
52,doi:10.1115/detc2021-72009,Task Space Planning With Complementarity Constraint-Based Obstacle Avoidance,2021,Volume 8B: 45th Mechanisms and Robotics Conference (MR),https://doi.org/10.1115/detc2021-72009,Addresses robot planning and safety or a neighboring robotics mechanism.,"Prior work usually predicts, ranks, filters, or imitates observed behavior rather than preserving unrealized branches.",The observed outcome is enough to supervise the model.,"Contact mode support, embodiment limits, and deployment perturbations.","Branch collapse, hidden-mode shift, and tail-risk planning failures.",Generic world models and generic uncertainty are crowded.,Constraint discovery from aborted actions keeps action-critical alternatives explicit until a physical observation collapses them.
53,doi:10.1115/dscc2019-9237,On Receding Horizon Chance Constraint Motion Planning for Uncertain Multi-Agent Systems,2019,"Volume 3, Rapid Fire Interactive Presentations: Advances in Control Systems; Advances in Robotics and Mechatronics; Automotive and Transportation Systems; Motion Planning and Trajectory Tracking; Soft Mechatronic Actuators and Sensors; Unmanned Ground and Aerial Vehicles",https://doi.org/10.1115/dscc2019-9237,Addresses robot planning and safety or a neighboring robotics mechanism.,"Prior work usually predicts, ranks, filters, or imitates observed behavior rather than preserving unrealized branches.",The observed outcome is enough to supervise the model.,"Contact mode support, embodiment limits, and deployment perturbations.","Branch collapse, hidden-mode shift, and tail-risk planning failures.",Generic world models and generic uncertainty are crowded.,Constraint discovery from aborted actions keeps action-critical alternatives explicit until a physical observation collapses them.
54,doi:10.3390/app16031500,Safety-Oriented Motion Planning for a Wheeled Humanoid Robot Operating in Environments with Stochastically Moving Humans,2026,Applied Sciences,https://doi.org/10.3390/app16031500,Addresses robot planning and safety or a neighboring robotics mechanism.,"Prior work usually predicts, ranks, filters, or imitates observed behavior rather than preserving unrealized branches.",The observed outcome is enough to supervise the model.,"Contact mode support, embodiment limits, and deployment perturbations.","Branch collapse, hidden-mode shift, and tail-risk planning failures.",Generic world models and generic uncertainty are crowded.,Constraint discovery from aborted actions keeps action-critical alternatives explicit until a physical observation collapses them.
55,doi:10.63808/ihf.v2i1.268,Human-Robot Collaborative Path Planning with Predictive Obstacle Avoidance,2026,Intelligent & Human Futures,https://doi.org/10.63808/ihf.v2i1.268,Addresses robot planning and safety or a neighboring robotics mechanism.,"Prior work usually predicts, ranks, filters, or imitates observed behavior rather than preserving unrealized branches.",The observed outcome is enough to supervise the model.,"Contact mode support, embodiment limits, and deployment perturbations.","Branch collapse, hidden-mode shift, and tail-risk planning failures.",Generic world models and generic uncertainty are crowded.,Constraint discovery from aborted actions keeps action-critical alternatives explicit until a physical observation collapses them.
56,doi:10.1145/3719019,Improving Human Situational Awareness and Planning Using a Human-Centric Velocity-Obstacle Algorithm,2025,ACM Transactions on Human-Robot Interaction,https://doi.org/10.1145/3719019,Addresses robot planning and safety or a neighboring robotics mechanism.,"Prior work usually predicts, ranks, filters, or imitates observed behavior rather than preserving unrealized branches.",The observed outcome is enough to supervise the model.,"Contact mode support, embodiment limits, and deployment perturbations.","Branch collapse, hidden-mode shift, and tail-risk planning failures.",Generic world models and generic uncertainty are crowded.,Constraint discovery from aborted actions keeps action-critical alternatives explicit until a physical observation collapses them.
57,doi:10.3390/electronics7120395,Learning the Metric of Task Constraint Manifolds for Constrained Motion Planning,2018,Electronics,https://doi.org/10.3390/electronics7120395,Addresses robot planning and safety or a neighboring robotics mechanism.,"Prior work usually predicts, ranks, filters, or imitates observed behavior rather than preserving unrealized branches.",The observed outcome is enough to supervise the model.,"Contact mode support, embodiment limits, and deployment perturbations.","Branch collapse, hidden-mode shift, and tail-risk planning failures.",Generic world models and generic uncertainty are crowded.,Constraint discovery from aborted actions keeps action-critical alternatives explicit until a physical observation collapses them.
58,doi:10.3390/app10249137,Sampling-Based Motion Planning for Free-Floating Space Robot without Inverse Kinematics,2020,Applied Sciences,https://doi.org/10.3390/app10249137,Addresses robot planning and safety or a neighboring robotics mechanism.,"Prior work usually predicts, ranks, filters, or imitates observed behavior rather than preserving unrealized branches.",The observed outcome is enough to supervise the model.,"Contact mode support, embodiment limits, and deployment perturbations.","Branch collapse, hidden-mode shift, and tail-risk planning failures.",Generic world models and generic uncertainty are crowded.,Constraint discovery from aborted actions keeps action-critical alternatives explicit until a physical observation collapses them.
59,doi:10.2139/ssrn.6710262,Homotopy-Guided Parallel Planning with Dynamic Control Barrier Functions for Safety-Critical Navigation in Dynamic Environments,,,https://doi.org/10.2139/ssrn.6710262,Addresses robot planning and safety or a neighboring robotics mechanism.,"Prior work usually predicts, ranks, filters, or imitates observed behavior rather than preserving unrealized branches.",The observed outcome is enough to supervise the model.,"Contact mode support, embodiment limits, and deployment perturbations.","Branch collapse, hidden-mode shift, and tail-risk planning failures.",Generic world models and generic uncertainty are crowded.,Constraint discovery from aborted actions keeps action-critical alternatives explicit until a physical observation collapses them.
60,doi:10.3390/act15020116,Risk-Aware Adaptive Safety Margins for Model Predictive Control with Orientation–Motion Coupled Barrier Functions in Dynamic Environments,2026,Actuators,https://doi.org/10.3390/act15020116,Addresses robot planning and safety or a neighboring robotics mechanism.,"Prior work usually predicts, ranks, filters, or imitates observed behavior rather than preserving unrealized branches.",The observed outcome is enough to supervise the model.,"Contact mode support, embodiment limits, and deployment perturbations.","Branch collapse, hidden-mode shift, and tail-risk planning failures.",Generic world models and generic uncertainty are crowded.,Constraint discovery from aborted actions keeps action-critical alternatives explicit until a physical observation collapses them.
61,doi:10.1007/s41315-019-00109-z,A bilevel optimal motion planning (BOMP) model with application to autonomous parking,2019,International Journal of Intelligent Robotics and Applications,https://doi.org/10.1007/s41315-019-00109-z,Addresses robot planning and safety or a neighboring robotics mechanism.,"Prior work usually predicts, ranks, filters, or imitates observed behavior rather than preserving unrealized branches.",The observed outcome is enough to supervise the model.,"Contact mode support, embodiment limits, and deployment perturbations.","Branch collapse, hidden-mode shift, and tail-risk planning failures.",Generic world models and generic uncertainty are crowded.,Constraint discovery from aborted actions keeps action-critical alternatives explicit until a physical observation collapses them.
62,doi:10.3390/s25061900,Redundancy-Based Motion Planning with Task Constraints for Robot Manipulators,2025,Sensors,https://doi.org/10.3390/s25061900,Addresses robot planning and safety or a neighboring robotics mechanism.,"Prior work usually predicts, ranks, filters, or imitates observed behavior rather than preserving unrealized branches.",The observed outcome is enough to supervise the model.,"Contact mode support, embodiment limits, and deployment perturbations.","Branch collapse, hidden-mode shift, and tail-risk planning failures.",Generic world models and generic uncertainty are crowded.,Constraint discovery from aborted actions keeps action-critical alternatives explicit until a physical observation collapses them.
63,doi:10.1177/0278364918761570,An incremental constraint-based framework for task and motion planning,2018,The International Journal of Robotics Research,https://doi.org/10.1177/0278364918761570,Addresses robot planning and safety or a neighboring robotics mechanism.,"Prior work usually predicts, ranks, filters, or imitates observed behavior rather than preserving unrealized branches.",The observed outcome is enough to supervise the model.,"Contact mode support, embodiment limits, and deployment perturbations.","Branch collapse, hidden-mode shift, and tail-risk planning failures.",Generic world models and generic uncertainty are crowded.,Constraint discovery from aborted actions keeps action-critical alternatives explicit until a physical observation collapses them.
64,arxiv:2602.20102v2,BarrierSteer: LLM Safety via Learning Barrier Steering,2026,arXiv,http://arxiv.org/abs/2602.20102v2,Addresses robot planning and safety or a neighboring robotics mechanism.,"Prior work usually predicts, ranks, filters, or imitates observed behavior rather than preserving unrealized branches.",The observed outcome is enough to supervise the model.,"Contact mode support, embodiment limits, and deployment perturbations.","Branch collapse, hidden-mode shift, and tail-risk planning failures.",Generic world models and generic uncertainty are crowded.,Constraint discovery from aborted actions keeps action-critical alternatives explicit until a physical observation collapses them.
65,doi:10.3390/app15042179,A Comprehensive Review of Deep Learning Techniques in Mobile Robot Path Planning: Categorization and Analysis,2025,Applied Sciences,https://doi.org/10.3390/app15042179,Addresses robot planning and safety or a neighboring robotics mechanism.,"Prior work usually predicts, ranks, filters, or imitates observed behavior rather than preserving unrealized branches.",The observed outcome is enough to supervise the model.,"Contact mode support, embodiment limits, and deployment perturbations.","Branch collapse, hidden-mode shift, and tail-risk planning failures.",Generic world models and generic uncertainty are crowded.,Constraint discovery from aborted actions keeps action-critical alternatives explicit until a physical observation collapses them.
66,doi:10.1109/tie.2020.3026289,Robust Tracking Model Predictive Control With Quadratic Robustness Constraint for Mobile Robots With Incremental Input Constraints,2020,IEEE Transactions on Industrial Electronics,https://doi.org/10.1109/tie.2020.3026289,Addresses robot planning and safety or a neighboring robotics mechanism.,"Prior work usually predicts, ranks, filters, or imitates observed behavior rather than preserving unrealized branches.",The observed outcome is enough to supervise the model.,"Contact mode support, embodiment limits, and deployment perturbations.","Branch collapse, hidden-mode shift, and tail-risk planning failures.",Generic world models and generic uncertainty are crowded.,Constraint discovery from aborted actions keeps action-critical alternatives explicit until a physical observation collapses them.
67,doi:10.21203/rs.3.rs-6649588/v1,Probabilistic Multi-Robot Planning with Temporal Tasks and Communication Constraints,,,https://doi.org/10.21203/rs.3.rs-6649588/v1,Addresses robot planning and safety or a neighboring robotics mechanism.,"Prior work usually predicts, ranks, filters, or imitates observed behavior rather than preserving unrealized branches.",The observed outcome is enough to supervise the model.,"Contact mode support, embodiment limits, and deployment perturbations.","Branch collapse, hidden-mode shift, and tail-risk planning failures.",Generic world models and generic uncertainty are crowded.,Constraint discovery from aborted actions keeps action-critical alternatives explicit until a physical observation collapses them.
68,doi:10.54209/elimensi.v3i02.408,Reinforcement Learning-Based Model Predictive Controller for Mobile Robots in Dynamic Environments with Safety Constraints,2025,Journal of Electrical Engineering,https://doi.org/10.54209/elimensi.v3i02.408,Addresses robot planning and safety or a neighboring robotics mechanism.,"Prior work usually predicts, ranks, filters, or imitates observed behavior rather than preserving unrealized branches.",The observed outcome is enough to supervise the model.,"Contact mode support, embodiment limits, and deployment perturbations.","Branch collapse, hidden-mode shift, and tail-risk planning failures.",Generic world models and generic uncertainty are crowded.,Constraint discovery from aborted actions keeps action-critical alternatives explicit until a physical observation collapses them.
69,doi:10.1109/lcsys.2023.3329518,Robust Adaptive Control Barrier Functions for Input-Affine Systems: Application to Uncertain Manipulator Safety Constraints,2024,IEEE Control Systems Letters,https://doi.org/10.1109/lcsys.2023.3329518,Addresses robot planning and safety or a neighboring robotics mechanism.,"Prior work usually predicts, ranks, filters, or imitates observed behavior rather than preserving unrealized branches.",The observed outcome is enough to supervise the model.,"Contact mode support, embodiment limits, and deployment perturbations.","Branch collapse, hidden-mode shift, and tail-risk planning failures.",Generic world models and generic uncertainty are crowded.,Constraint discovery from aborted actions keeps action-critical alternatives explicit until a physical observation collapses them.
70,doi:10.1049/csy2.70046,An Articulated Continuum Robot for Turbine Blade Inspection With Kinematics Enabling Constraint‐Aware Motion Planning and Execution,2026,IET Cyber-Systems and Robotics,https://doi.org/10.1049/csy2.70046,Addresses robot planning and safety or a neighboring robotics mechanism.,"Prior work usually predicts, ranks, filters, or imitates observed behavior rather than preserving unrealized branches.",The observed outcome is enough to supervise the model.,"Contact mode support, embodiment limits, and deployment perturbations.","Branch collapse, hidden-mode shift, and tail-risk planning failures.",Generic world models and generic uncertainty are crowded.,Constraint discovery from aborted actions keeps action-critical alternatives explicit until a physical observation collapses them.
71,doi:10.3390/e27010038,A Novel Hyper-Heuristic Algorithm with Soft and Hard Constraints for Causal Discovery Using a Linear Structural Equation Model,2025,Entropy,https://doi.org/10.3390/e27010038,Addresses robot planning and safety or a neighboring robotics mechanism.,"Prior work usually predicts, ranks, filters, or imitates observed behavior rather than preserving unrealized branches.",The observed outcome is enough to supervise the model.,"Contact mode support, embodiment limits, and deployment perturbations.","Branch collapse, hidden-mode shift, and tail-risk planning failures.",Generic world models and generic uncertainty are crowded.,Constraint discovery from aborted actions keeps action-critical alternatives explicit until a physical observation collapses them.
72,doi:10.1109/icra57147.2024.10611447,Plug in the Safety Chip: Enforcing Constraints for LLM-driven Robot Agents,2024,,https://doi.org/10.1109/icra57147.2024.10611447,Addresses robot planning and safety or a neighboring robotics mechanism.,"Prior work usually predicts, ranks, filters, or imitates observed behavior rather than preserving unrealized branches.",The observed outcome is enough to supervise the model.,"Contact mode support, embodiment limits, and deployment perturbations.","Branch collapse, hidden-mode shift, and tail-risk planning failures.",Generic world models and generic uncertainty are crowded.,Constraint discovery from aborted actions keeps action-critical alternatives explicit until a physical observation collapses them.
73,doi:10.1109/ssrr50563.2020.9292578,Improving Bounds on Occluded Vehicle States for Use in Safe Motion Planning,2020,"2020 IEEE International Symposium on Safety, Security, and Rescue Robotics (SSRR)",https://doi.org/10.1109/ssrr50563.2020.9292578,Addresses robot planning and safety or a neighboring robotics mechanism.,"Prior work usually predicts, ranks, filters, or imitates observed behavior rather than preserving unrealized branches.",The observed outcome is enough to supervise the model.,"Contact mode support, embodiment limits, and deployment perturbations.","Branch collapse, hidden-mode shift, and tail-risk planning failures.",Generic world models and generic uncertainty are crowded.,Constraint discovery from aborted actions keeps action-critical alternatives explicit until a physical observation collapses them.
74,doi:10.1109/tvt.2019.2930684,Trajectory Planning and Safety Assessment of Autonomous Vehicles Based on Motion Prediction and Model Predictive Control,2019,IEEE Transactions on Vehicular Technology,https://doi.org/10.1109/tvt.2019.2930684,Addresses robot planning and safety or a neighboring robotics mechanism.,"Prior work usually predicts, ranks, filters, or imitates observed behavior rather than preserving unrealized branches.",The observed outcome is enough to supervise the model.,"Contact mode support, embodiment limits, and deployment perturbations.","Branch collapse, hidden-mode shift, and tail-risk planning failures.",Generic world models and generic uncertainty are crowded.,Constraint discovery from aborted actions keeps action-critical alternatives explicit until a physical observation collapses them.
75,arxiv:2503.07238v1,Learning and planning for optimal synergistic human-robot coordination in manufacturing contexts,2025,arXiv,http://arxiv.org/abs/2503.07238v1,Addresses robot planning and safety or a neighboring robotics mechanism.,"Prior work usually predicts, ranks, filters, or imitates observed behavior rather than preserving unrealized branches.",The observed outcome is enough to supervise the model.,"Contact mode support, embodiment limits, and deployment perturbations.","Branch collapse, hidden-mode shift, and tail-risk planning failures.",Generic world models and generic uncertainty are crowded.,Constraint discovery from aborted actions keeps action-critical alternatives explicit until a physical observation collapses them.
76,doi:10.1109/iros45743.2020.9341334,Model Predictive Control for a Tendon-Driven Surgical Robot with Safety Constraints in Kinematics and Dynamics,2020,2020 IEEE/RSJ International Conference on Intelligent Robots and Systems (IROS),https://doi.org/10.1109/iros45743.2020.9341334,Addresses robot planning and safety or a neighboring robotics mechanism.,"Prior work usually predicts, ranks, filters, or imitates observed behavior rather than preserving unrealized branches.",The observed outcome is enough to supervise the model.,"Contact mode support, embodiment limits, and deployment perturbations.","Branch collapse, hidden-mode shift, and tail-risk planning failures.",Generic world models and generic uncertainty are crowded.,Constraint discovery from aborted actions keeps action-critical alternatives explicit until a physical observation collapses them.
77,doi:10.1016/j.jchf.2019.05.003,Real-World Evidence for Medication Safety,2019,JACC: Heart Failure,https://doi.org/10.1016/j.jchf.2019.05.003,Addresses robot planning and safety or a neighboring robotics mechanism.,"Prior work usually predicts, ranks, filters, or imitates observed behavior rather than preserving unrealized branches.",The observed outcome is enough to supervise the model.,"Contact mode support, embodiment limits, and deployment perturbations.","Branch collapse, hidden-mode shift, and tail-risk planning failures.",Generic world models and generic uncertainty are crowded.,Constraint discovery from aborted actions keeps action-critical alternatives explicit until a physical observation collapses them.
78,doi:10.1177/02783649231209337,Multilevel motion planning: A fiber bundle formulation,2024,The International Journal of Robotics Research,https://doi.org/10.1177/02783649231209337,Addresses robot planning and safety or a neighboring robotics mechanism.,"Prior work usually predicts, ranks, filters, or imitates observed behavior rather than preserving unrealized branches.",The observed outcome is enough to supervise the model.,"Contact mode support, embodiment limits, and deployment perturbations.","Branch collapse, hidden-mode shift, and tail-risk planning failures.",Generic world models and generic uncertainty are crowded.,Constraint discovery from aborted actions keeps action-critical alternatives explicit until a physical observation collapses them.
79,doi:10.1115/1.861rob_ch11,Self-Motion Planning with ZIV Constraint,2017,Robot Manipulator Redundancy Resolution,https://doi.org/10.1115/1.861rob_ch11,Addresses robot planning and safety or a neighboring robotics mechanism.,"Prior work usually predicts, ranks, filters, or imitates observed behavior rather than preserving unrealized branches.",The observed outcome is enough to supervise the model.,"Contact mode support, embodiment limits, and deployment perturbations.","Branch collapse, hidden-mode shift, and tail-risk planning failures.",Generic world models and generic uncertainty are crowded.,Constraint discovery from aborted actions keeps action-critical alternatives explicit until a physical observation collapses them.
80,doi:10.3390/pr10040728,A Novel Point-to-Point Trajectory Planning Algorithm for Industrial Robots Based on a Locally Asymmetrical Jerk Motion Profile,2022,Processes,https://doi.org/10.3390/pr10040728,Addresses robot planning and safety or a neighboring robotics mechanism.,"Prior work usually predicts, ranks, filters, or imitates observed behavior rather than preserving unrealized branches.",The observed outcome is enough to supervise the model.,"Contact mode support, embodiment limits, and deployment perturbations.","Branch collapse, hidden-mode shift, and tail-risk planning failures.",Generic world models and generic uncertainty are crowded.,Constraint discovery from aborted actions keeps action-critical alternatives explicit until a physical observation collapses them.
81,doi:10.1115/detc2007-34780,Path-Constrained Motion Planning for Robotics Based on Kinematic Constraints,2007,"Volume 8: 31st Mechanisms and Robotics Conference, Parts A and B",https://doi.org/10.1115/detc2007-34780,Addresses robot planning and safety or a neighboring robotics mechanism.,"Prior work usually predicts, ranks, filters, or imitates observed behavior rather than preserving unrealized branches.",The observed outcome is enough to supervise the model.,"Contact mode support, embodiment limits, and deployment perturbations.","Branch collapse, hidden-mode shift, and tail-risk planning failures.",Generic world models and generic uncertainty are crowded.,Constraint discovery from aborted actions keeps action-critical alternatives explicit until a physical observation collapses them.
82,doi:10.1108/ir-04-2025-0142,Vision-based human–robot object handover in dynamic environments: a safety-aware framework with real-time anthropomorphic planning,2026,Industrial Robot: the international journal of robotics research and application,https://doi.org/10.1108/ir-04-2025-0142,Addresses robot planning and safety or a neighboring robotics mechanism.,"Prior work usually predicts, ranks, filters, or imitates observed behavior rather than preserving unrealized branches.",The observed outcome is enough to supervise the model.,"Contact mode support, embodiment limits, and deployment perturbations.","Branch collapse, hidden-mode shift, and tail-risk planning failures.",Generic world models and generic uncertainty are crowded.,Constraint discovery from aborted actions keeps action-critical alternatives explicit until a physical observation collapses them.
83,doi:10.2139/ssrn.6396595,Application of Large Language Model-Driven Pairwise Constrained Clustering Fusion Algorithm in New Intent Discovery,,,https://doi.org/10.2139/ssrn.6396595,Addresses robot planning and safety or a neighboring robotics mechanism.,"Prior work usually predicts, ranks, filters, or imitates observed behavior rather than preserving unrealized branches.",The observed outcome is enough to supervise the model.,"Contact mode support, embodiment limits, and deployment perturbations.","Branch collapse, hidden-mode shift, and tail-risk planning failures.",Generic world models and generic uncertainty are crowded.,Constraint discovery from aborted actions keeps action-critical alternatives explicit until a physical observation collapses them.
84,doi:10.3390/su18104683,Sustainable Transportation Decision-Making Enabled by Specialized Large Language Models: A Supervised Fine-Tuning Framework for Route Planning,2026,Sustainability,https://doi.org/10.3390/su18104683,Addresses robot planning and safety or a neighboring robotics mechanism.,"Prior work usually predicts, ranks, filters, or imitates observed behavior rather than preserving unrealized branches.",The observed outcome is enough to supervise the model.,"Contact mode support, embodiment limits, and deployment perturbations.","Branch collapse, hidden-mode shift, and tail-risk planning failures.",Generic world models and generic uncertainty are crowded.,Constraint discovery from aborted actions keeps action-critical alternatives explicit until a physical observation collapses them.
85,doi:10.24963/ijcai.2025/1115,Large Language Model Meets Constraint Propagation,2025,Proceedings of the Thirty-Fourth International Joint Conference on Artificial Intelligence,https://doi.org/10.24963/ijcai.2025/1115,Addresses robot planning and safety or a neighboring robotics mechanism.,"Prior work usually predicts, ranks, filters, or imitates observed behavior rather than preserving unrealized branches.",The observed outcome is enough to supervise the model.,"Contact mode support, embodiment limits, and deployment perturbations.","Branch collapse, hidden-mode shift, and tail-risk planning failures.",Generic world models and generic uncertainty are crowded.,Constraint discovery from aborted actions keeps action-critical alternatives explicit until a physical observation collapses them.
86,doi:10.1115/1.4070027,Sampling-Based Planning and Predictive Control for Energy Management of a Shipboard Integrated Power System With High Ramp Rate Load,2026,"Journal of Dynamic Systems, Measurement, and Control",https://doi.org/10.1115/1.4070027,Addresses robot planning and safety or a neighboring robotics mechanism.,"Prior work usually predicts, ranks, filters, or imitates observed behavior rather than preserving unrealized branches.",The observed outcome is enough to supervise the model.,"Contact mode support, embodiment limits, and deployment perturbations.","Branch collapse, hidden-mode shift, and tail-risk planning failures.",Generic world models and generic uncertainty are crowded.,Constraint discovery from aborted actions keeps action-critical alternatives explicit until a physical observation collapses them.
87,doi:10.70777/si.v2i2.14741,Review: Safety at Scale: Comprehensive Survey of Large Model Safety,2025,SuperIntelligence - Robotics - Safety & Alignment,https://doi.org/10.70777/si.v2i2.14741,Addresses robot planning and safety or a neighboring robotics mechanism.,"Prior work usually predicts, ranks, filters, or imitates observed behavior rather than preserving unrealized branches.",The observed outcome is enough to supervise the model.,"Contact mode support, embodiment limits, and deployment perturbations.","Branch collapse, hidden-mode shift, and tail-risk planning failures.",Generic world models and generic uncertainty are crowded.,Constraint discovery from aborted actions keeps action-critical alternatives explicit until a physical observation collapses them.
88,doi:10.3390/robotics14030032,Enhanced Hybrid Artificial Fish Swarm Algorithm for Three-Dimensional Path Planning Applied to Robotic Systems,2025,Robotics,https://doi.org/10.3390/robotics14030032,Addresses robot planning and safety or a neighboring robotics mechanism.,"Prior work usually predicts, ranks, filters, or imitates observed behavior rather than preserving unrealized branches.",The observed outcome is enough to supervise the model.,"Contact mode support, embodiment limits, and deployment perturbations.","Branch collapse, hidden-mode shift, and tail-risk planning failures.",Generic world models and generic uncertainty are crowded.,Constraint discovery from aborted actions keeps action-critical alternatives explicit until a physical observation collapses them.
89,doi:10.1145/3564696,Multiple Mobile Robot Task and Motion Planning: A Survey,2023,ACM Computing Surveys,https://doi.org/10.1145/3564696,Addresses robot planning and safety or a neighboring robotics mechanism.,"Prior work usually predicts, ranks, filters, or imitates observed behavior rather than preserving unrealized branches.",The observed outcome is enough to supervise the model.,"Contact mode support, embodiment limits, and deployment perturbations.","Branch collapse, hidden-mode shift, and tail-risk planning failures.",Generic world models and generic uncertainty are crowded.,Constraint discovery from aborted actions keeps action-critical alternatives explicit until a physical observation collapses them.
90,doi:10.3390/jmse12091655,Autonomous Underwater Vehicle (AUV) Motion Design: Integrated Path Planning and Trajectory Tracking Based on Model Predictive Control (MPC),2024,Journal of Marine Science and Engineering,https://doi.org/10.3390/jmse12091655,Addresses robot planning and safety or a neighboring robotics mechanism.,"Prior work usually predicts, ranks, filters, or imitates observed behavior rather than preserving unrealized branches.",The observed outcome is enough to supervise the model.,"Contact mode support, embodiment limits, and deployment perturbations.","Branch collapse, hidden-mode shift, and tail-risk planning failures.",Generic world models and generic uncertainty are crowded.,Constraint discovery from aborted actions keeps action-critical alternatives explicit until a physical observation collapses them.
91,doi:10.1177/0278364917712421,Funnel libraries for real-time robust feedback motion planning,2017,The International Journal of Robotics Research,https://doi.org/10.1177/0278364917712421,Addresses robot planning and safety or a neighboring robotics mechanism.,"Prior work usually predicts, ranks, filters, or imitates observed behavior rather than preserving unrealized branches.",The observed outcome is enough to supervise the model.,"Contact mode support, embodiment limits, and deployment perturbations.","Branch collapse, hidden-mode shift, and tail-risk planning failures.",Generic world models and generic uncertainty are crowded.,Constraint discovery from aborted actions keeps action-critical alternatives explicit until a physical observation collapses them.
92,arxiv:2011.01552v2,Efficient Sampling of Transition Constraints for Motion Planning under Sliding Contacts,2020,arXiv,http://arxiv.org/abs/2011.01552v2,Addresses robot planning and safety or a neighboring robotics mechanism.,"Prior work usually predicts, ranks, filters, or imitates observed behavior rather than preserving unrealized branches.",The observed outcome is enough to supervise the model.,"Contact mode support, embodiment limits, and deployment perturbations.","Branch collapse, hidden-mode shift, and tail-risk planning failures.",Generic world models and generic uncertainty are crowded.,Constraint discovery from aborted actions keeps action-critical alternatives explicit until a physical observation collapses them.
93,doi:10.1049/iet-cta.2017.0298,MPC motion planning‐based sliding mode control for underactuated WPS vehicle via Olfati transformation,2018,IET Control Theory & Applications,https://doi.org/10.1049/iet-cta.2017.0298,Addresses robot planning and safety or a neighboring robotics mechanism.,"Prior work usually predicts, ranks, filters, or imitates observed behavior rather than preserving unrealized branches.",The observed outcome is enough to supervise the model.,"Contact mode support, embodiment limits, and deployment perturbations.","Branch collapse, hidden-mode shift, and tail-risk planning failures.",Generic world models and generic uncertainty are crowded.,Constraint discovery from aborted actions keeps action-critical alternatives explicit until a physical observation collapses them.
94,doi:10.1145/3648004,Cooperative Driving of Connected Autonomous vehicle using Responsibility Sensitive Safety Rules: A Control Barrier Functions Approach,2024,ACM Transactions on Cyber-Physical Systems,https://doi.org/10.1145/3648004,Addresses robot planning and safety or a neighboring robotics mechanism.,"Prior work usually predicts, ranks, filters, or imitates observed behavior rather than preserving unrealized branches.",The observed outcome is enough to supervise the model.,"Contact mode support, embodiment limits, and deployment perturbations.","Branch collapse, hidden-mode shift, and tail-risk planning failures.",Generic world models and generic uncertainty are crowded.,Constraint discovery from aborted actions keeps action-critical alternatives explicit until a physical observation collapses them.
95,doi:10.1109/lcsys.2024.3518393,Rectified Control Barrier Functions for High-Order Safety Constraints,2024,IEEE Control Systems Letters,https://doi.org/10.1109/lcsys.2024.3518393,Addresses robot planning and safety or a neighboring robotics mechanism.,"Prior work usually predicts, ranks, filters, or imitates observed behavior rather than preserving unrealized branches.",The observed outcome is enough to supervise the model.,"Contact mode support, embodiment limits, and deployment perturbations.","Branch collapse, hidden-mode shift, and tail-risk planning failures.",Generic world models and generic uncertainty are crowded.,Constraint discovery from aborted actions keeps action-critical alternatives explicit until a physical observation collapses them.
96,doi:10.3390/app10051635,Adaptive Cruise Control Based on Model Predictive Control with Constraints Softening,2020,Applied Sciences,https://doi.org/10.3390/app10051635,Addresses robot planning and safety or a neighboring robotics mechanism.,"Prior work usually predicts, ranks, filters, or imitates observed behavior rather than preserving unrealized branches.",The observed outcome is enough to supervise the model.,"Contact mode support, embodiment limits, and deployment perturbations.","Branch collapse, hidden-mode shift, and tail-risk planning failures.",Generic world models and generic uncertainty are crowded.,Constraint discovery from aborted actions keeps action-critical alternatives explicit until a physical observation collapses them.
97,doi:10.1002/cesm.12041/v2/decision1,"Decision letter for ""The use of a large language model to create plain language summaries of evidence reviews in healthcare: A feasibility study""",2024,,https://doi.org/10.1002/cesm.12041/v2/decision1,Addresses robot planning and safety or a neighboring robotics mechanism.,"Prior work usually predicts, ranks, filters, or imitates observed behavior rather than preserving unrealized branches.",The observed outcome is enough to supervise the model.,"Contact mode support, embodiment limits, and deployment perturbations.","Branch collapse, hidden-mode shift, and tail-risk planning failures.",Generic world models and generic uncertainty are crowded.,Constraint discovery from aborted actions keeps action-critical alternatives explicit until a physical observation collapses them.
98,doi:10.1002/cesm.12041/v2/response1,"Author response for ""The use of a large language model to create plain language summaries of evidence reviews in healthcare: A feasibility study""",2024,,https://doi.org/10.1002/cesm.12041/v2/response1,Addresses robot planning and safety or a neighboring robotics mechanism.,"Prior work usually predicts, ranks, filters, or imitates observed behavior rather than preserving unrealized branches.",The observed outcome is enough to supervise the model.,"Contact mode support, embodiment limits, and deployment perturbations.","Branch collapse, hidden-mode shift, and tail-risk planning failures.",Generic world models and generic uncertainty are crowded.,Constraint discovery from aborted actions keeps action-critical alternatives explicit until a physical observation collapses them.
99,doi:10.20944/preprints202406.1971.v1,MT-SIPP: An Efficient Collision-Free Multi-chain Robot Path Planning Algorithm,,,https://doi.org/10.20944/preprints202406.1971.v1,Addresses robot planning and safety or a neighboring robotics mechanism.,"Prior work usually predicts, ranks, filters, or imitates observed behavior rather than preserving unrealized branches.",The observed outcome is enough to supervise the model.,"Contact mode support, embodiment limits, and deployment perturbations.","Branch collapse, hidden-mode shift, and tail-risk planning failures.",Generic world models and generic uncertainty are crowded.,Constraint discovery from aborted actions keeps action-critical alternatives explicit until a physical observation collapses them.
100,doi:10.1108/ir-03-2020-0063,A survey of energy-efficient motion planning for wheeled mobile robots,2020,Industrial Robot: the international journal of robotics research and application,https://doi.org/10.1108/ir-03-2020-0063,Addresses robot planning and safety or a neighboring robotics mechanism.,"Prior work usually predicts, ranks, filters, or imitates observed behavior rather than preserving unrealized branches.",The observed outcome is enough to supervise the model.,"Contact mode support, embodiment limits, and deployment perturbations.","Branch collapse, hidden-mode shift, and tail-risk planning failures.",Generic world models and generic uncertainty are crowded.,Constraint discovery from aborted actions keeps action-critical alternatives explicit until a physical observation collapses them.
